review_text,true_label
"I am very happy with this purchase, the quality is top-notch.",Positive
The product exceeded my expectations. Great value for money.,Positive
"It's a functional item, though the material feels a bit cheap.",Neutral
Beautiful design and works perfectly. Five stars!,Positive
"Satisfactory performance so far, let's see how long it lasts.",Neutral
The app keeps crashing and I can't even set up the device.,Negative
Customer service was rude and didn't help with my return.,Negative
"Average quality. Not great, but not bad either.",Neutral
"It's a functional item, though the material feels a bit cheap.",Neutral
"The product arrived on time, but the packaging was slightly damaged.",Neutral
"It's a functional item, though the material feels a bit cheap.",Neutral
Fast delivery and the item is exactly as described.,Positive
Standard shipping time. The product is exactly what I expected.,Neutral
"It works fine, though the setup was a bit confusing.",Neutral
The product exceeded my expectations. Great value for money.,Positive
Highly functional and looks great on my desk.,Positive
An average experience overall. No major complaints.,Neutral
Customer service was rude and didn't help with my return.,Negative
Very impressed with the build quality. Will definitely buy again.,Positive
The product exceeded my expectations. Great value for money.,Positive
Amazing experience! Everything from ordering to delivery was smooth.,Positive
Very impressed with the build quality. Will definitely buy again.,Positive
"It is okay, does the job but nothing extraordinary.",Neutral
"Average quality. Not great, but not bad either.",Neutral
Stopped working after only two days. Very poor durability.,Negative
Excellent customer service and fast shipping. Highly recommend!,Positive
Customer service was rude and didn't help with my return.,Negative
Fast delivery and the item is exactly as described.,Positive
Decent product for the price. I might look for better options next time.,Neutral
An average experience overall. No major complaints.,Neutral
Amazing experience! Everything from ordering to delivery was smooth.,Positive
"Average quality. Not great, but not bad either.",Neutral
Excellent customer service and fast shipping. Highly recommend!,Positive
Very impressed with the build quality. Will definitely buy again.,Positive
An average experience overall. No major complaints.,Neutral
Highly functional and looks great on my desk.,Positive
An average experience overall. No major complaints.,Neutral
Beautiful design and works perfectly. Five stars!,Positive
Standard shipping time. The product is exactly what I expected.,Neutral
Terrible experience. The product arrived broken and unusable.,Negative
"It is okay, does the job but nothing extraordinary.",Neutral
"The color is a bit different from the picture, but it's acceptable.",Neutral
"It is okay, does the job but nothing extraordinary.",Neutral
Excellent customer service and fast shipping. Highly recommend!,Positive
Customer service was rude and didn't help with my return.,Negative
An average experience overall. No major complaints.,Neutral
"It works fine, though the setup was a bit confusing.",Neutral
"It's a functional item, though the material feels a bit cheap.",Neutral
I'm surprised by how good this is given the price point.,Positive
"The product arrived on time, but the packaging was slightly damaged.",Neutral
I'm surprised by how good this is given the price point.,Positive
Horrible smell and the material is very irritating to the skin.,Negative
"The color is a bit different from the picture, but it's acceptable.",Neutral
Horrible smell and the material is very irritating to the skin.,Negative
Shipping took forever and the item was lost twice.,Negative
Customer service was rude and didn't help with my return.,Negative
The product exceeded my expectations. Great value for money.,Positive
The item looks nothing like the photos. Completely misleading.,Negative
The product exceeded my expectations. Great value for money.,Positive
Terrible experience. The product arrived broken and unusable.,Negative
Stopped working after only two days. Very poor durability.,Negative
"Satisfactory performance so far, let's see how long it lasts.",Neutral
"The product arrived on time, but the packaging was slightly damaged.",Neutral
The product exceeded my expectations. Great value for money.,Positive
The product exceeded my expectations. Great value for money.,Positive
"It is okay, does the job but nothing extraordinary.",Neutral
Very impressed with the build quality. Will definitely buy again.,Positive
"The color is a bit different from the picture, but it's acceptable.",Neutral
Customer service was rude and didn't help with my return.,Negative
Decent product for the price. I might look for better options next time.,Neutral
Best purchase I've made this year. So convenient and easy to use.,Positive
Best purchase I've made this year. So convenient and easy to use.,Positive
I'm surprised by how good this is given the price point.,Positive
Highly functional and looks great on my desk.,Positive
"It is okay, does the job but nothing extraordinary.",Neutral
"Average quality. Not great, but not bad either.",Neutral
Highly functional and looks great on my desk.,Positive
Customer service was rude and didn't help with my return.,Negative
Stopped working after only two days. Very poor durability.,Negative
"The color is a bit different from the picture, but it's acceptable.",Neutral
"It is okay, does the job but nothing extraordinary.",Neutral
Fast delivery and the item is exactly as described.,Positive
Stopped working after only two days. Very poor durability.,Negative
Fast delivery and the item is exactly as described.,Positive
Shipping took forever and the item was lost twice.,Negative
Stopped working after only two days. Very poor durability.,Negative
Terrible experience. The product arrived broken and unusable.,Negative
Terrible experience. The product arrived broken and unusable.,Negative
I'm surprised by how good this is given the price point.,Positive
Waste of money. I would not recommend this to anyone.,Negative
Waste of money. I would not recommend this to anyone.,Negative
"Average quality. Not great, but not bad either.",Neutral
Stopped working after only two days. Very poor durability.,Negative
Stopped working after only two days. Very poor durability.,Negative
I'm surprised by how good this is given the price point.,Positive
Beautiful design and works perfectly. Five stars!,Positive
Waste of money. I would not recommend this to anyone.,Negative
I regret buying this. It's much smaller than the description said.,Negative
Amazing experience! Everything from ordering to delivery was smooth.,Positive
The app keeps crashing and I can't even set up the device.,Negative
Fast delivery and the item is exactly as described.,Positive
I'm surprised by how good this is given the price point.,Positive
Very disappointed. The quality is much lower than expected.,Negative
Decent product for the price. I might look for better options next time.,Neutral
Customer service was rude and didn't help with my return.,Negative
The item looks nothing like the photos. Completely misleading.,Negative
Very impressed with the build quality. Will definitely buy again.,Positive
Very impressed with the build quality. Will definitely buy again.,Positive
Very impressed with the build quality. Will definitely buy again.,Positive
I'm surprised by how good this is given the price point.,Positive
Horrible smell and the material is very irritating to the skin.,Negative
Waste of money. I would not recommend this to anyone.,Negative
Amazing experience! Everything from ordering to delivery was smooth.,Positive
Terrible experience. The product arrived broken and unusable.,Negative
Terrible experience. The product arrived broken and unusable.,Negative
An average experience overall. No major complaints.,Neutral
Excellent customer service and fast shipping. Highly recommend!,Positive
The app keeps crashing and I can't even set up the device.,Negative
Very disappointed. The quality is much lower than expected.,Negative
Terrible experience. The product arrived broken and unusable.,Negative
Shipping took forever and the item was lost twice.,Negative
Customer service was rude and didn't help with my return.,Negative
Waste of money. I would not recommend this to anyone.,Negative
I'm surprised by how good this is given the price point.,Positive
"The color is a bit different from the picture, but it's acceptable.",Neutral
Beautiful design and works perfectly. Five stars!,Positive
Decent product for the price. I might look for better options next time.,Neutral
"I am very happy with this purchase, the quality is top-notch.",Positive
"The color is a bit different from the picture, but it's acceptable.",Neutral
Amazing experience! Everything from ordering to delivery was smooth.,Positive
Customer service was rude and didn't help with my return.,Negative
Decent product for the price. I might look for better options next time.,Neutral
Highly functional and looks great on my desk.,Positive
"Satisfactory performance so far, let's see how long it lasts.",Neutral
Fast delivery and the item is exactly as described.,Positive
"It works fine, though the setup was a bit confusing.",Neutral
"The product arrived on time, but the packaging was slightly damaged.",Neutral
Very impressed with the build quality. Will definitely buy again.,Positive
"I am very happy with this purchase, the quality is top-notch.",Positive
Amazing experience! Everything from ordering to delivery was smooth.,Positive
I regret buying this. It's much smaller than the description said.,Negative
The app keeps crashing and I can't even set up the device.,Negative
Waste of money. I would not recommend this to anyone.,Negative
"Average quality. Not great, but not bad either.",Neutral
An average experience overall. No major complaints.,Neutral
Stopped working after only two days. Very poor durability.,Negative
The product exceeded my expectations. Great value for money.,Positive
An average experience overall. No major complaints.,Neutral
I regret buying this. It's much smaller than the description said.,Negative
Customer service was rude and didn't help with my return.,Negative
"Average quality. Not great, but not bad either.",Neutral
Horrible smell and the material is very irritating to the skin.,Negative
Standard shipping time. The product is exactly what I expected.,Neutral
"It's a functional item, though the material feels a bit cheap.",Neutral
Beautiful design and works perfectly. Five stars!,Positive
"Average quality. Not great, but not bad either.",Neutral
Shipping took forever and the item was lost twice.,Negative
"I am very happy with this purchase, the quality is top-notch.",Positive
Standard shipping time. The product is exactly what I expected.,Neutral
Beautiful design and works perfectly. Five stars!,Positive
Waste of money. I would not recommend this to anyone.,Negative
"It is okay, does the job but nothing extraordinary.",Neutral
Amazing experience! Everything from ordering to delivery was smooth.,Positive
Waste of money. I would not recommend this to anyone.,Negative
Stopped working after only two days. Very poor durability.,Negative
Waste of money. I would not recommend this to anyone.,Negative
Standard shipping time. The product is exactly what I expected.,Neutral
"Average quality. Not great, but not bad either.",Neutral
"Average quality. Not great, but not bad either.",Neutral
Beautiful design and works perfectly. Five stars!,Positive
Very disappointed. The quality is much lower than expected.,Negative
"It is okay, does the job but nothing extraordinary.",Neutral
I'm surprised by how good this is given the price point.,Positive
"It's a functional item, though the material feels a bit cheap.",Neutral
Stopped working after only two days. Very poor durability.,Negative
Decent product for the price. I might look for better options next time.,Neutral
"Satisfactory performance so far, let's see how long it lasts.",Neutral
Decent product for the price. I might look for better options next time.,Neutral
Best purchase I've made this year. So convenient and easy to use.,Positive
"Average quality. Not great, but not bad either.",Neutral
"The product arrived on time, but the packaging was slightly damaged.",Neutral
"It works fine, though the setup was a bit confusing.",Neutral
Customer service was rude and didn't help with my return.,Negative
Waste of money. I would not recommend this to anyone.,Negative
Very impressed with the build quality. Will definitely buy again.,Positive
Standard shipping time. The product is exactly what I expected.,Neutral
An average experience overall. No major complaints.,Neutral
The item looks nothing like the photos. Completely misleading.,Negative
The product exceeded my expectations. Great value for money.,Positive
The item looks nothing like the photos. Completely misleading.,Negative
"The color is a bit different from the picture, but it's acceptable.",Neutral
I'm surprised by how good this is given the price point.,Positive
Standard shipping time. The product is exactly what I expected.,Neutral
Highly functional and looks great on my desk.,Positive
Best purchase I've made this year. So convenient and easy to use.,Positive
"Satisfactory performance so far, let's see how long it lasts.",Neutral
"The product arrived on time, but the packaging was slightly damaged.",Neutral
I regret buying this. It's much smaller than the description said.,Negative
"The product arrived on time, but the packaging was slightly damaged.",Neutral
Beautiful design and works perfectly. Five stars!,Positive
"It's a functional item, though the material feels a bit cheap.",Neutral
The app keeps crashing and I can't even set up the device.,Negative
Amazing experience! Everything from ordering to delivery was smooth.,Positive
The app keeps crashing and I can't even set up the device.,Negative
The item looks nothing like the photos. Completely misleading.,Negative
Horrible smell and the material is very irritating to the skin.,Negative
"It's a functional item, though the material feels a bit cheap.",Neutral
"Average quality. Not great, but not bad either.",Neutral
The item looks nothing like the photos. Completely misleading.,Negative
Highly functional and looks great on my desk.,Positive
"The product arrived on time, but the packaging was slightly damaged.",Neutral
Fast delivery and the item is exactly as described.,Positive
The item looks nothing like the photos. Completely misleading.,Negative
Very impressed with the build quality. Will definitely buy again.,Positive
"It's a functional item, though the material feels a bit cheap.",Neutral
"It's a functional item, though the material feels a bit cheap.",Neutral
I'm surprised by how good this is given the price point.,Positive
Very impressed with the build quality. Will definitely buy again.,Positive
Stopped working after only two days. Very poor durability.,Negative
I'm surprised by how good this is given the price point.,Positive
The product exceeded my expectations. Great value for money.,Positive
Waste of money. I would not recommend this to anyone.,Negative
Very impressed with the build quality. Will definitely buy again.,Positive
An average experience overall. No major complaints.,Neutral
The app keeps crashing and I can't even set up the device.,Negative
The product exceeded my expectations. Great value for money.,Positive
Decent product for the price. I might look for better options next time.,Neutral
Beautiful design and works perfectly. Five stars!,Positive
An average experience overall. No major complaints.,Neutral
"The product arrived on time, but the packaging was slightly damaged.",Neutral
Stopped working after only two days. Very poor durability.,Negative
"Average quality. Not great, but not bad either.",Neutral
I'm surprised by how good this is given the price point.,Positive
"It's a functional item, though the material feels a bit cheap.",Neutral
Fast delivery and the item is exactly as described.,Positive
"The color is a bit different from the picture, but it's acceptable.",Neutral
Customer service was rude and didn't help with my return.,Negative
Decent product for the price. I might look for better options next time.,Neutral
"It works fine, though the setup was a bit confusing.",Neutral
"The product arrived on time, but the packaging was slightly damaged.",Neutral
Fast delivery and the item is exactly as described.,Positive
Very disappointed. The quality is much lower than expected.,Negative
Amazing experience! Everything from ordering to delivery was smooth.,Positive
Horrible smell and the material is very irritating to the skin.,Negative
Excellent customer service and fast shipping. Highly recommend!,Positive
Amazing experience! Everything from ordering to delivery was smooth.,Positive
Best purchase I've made this year. So convenient and easy to use.,Positive
Highly functional and looks great on my desk.,Positive
The product exceeded my expectations. Great value for money.,Positive
Highly functional and looks great on my desk.,Positive
Highly functional and looks great on my desk.,Positive
"Satisfactory performance so far, let's see how long it lasts.",Neutral
Amazing experience! Everything from ordering to delivery was smooth.,Positive
The product exceeded my expectations. Great value for money.,Positive
The product exceeded my expectations. Great value for money.,Positive
Very disappointed. The quality is much lower than expected.,Negative
Stopped working after only two days. Very poor durability.,Negative
I regret buying this. It's much smaller than the description said.,Negative
Fast delivery and the item is exactly as described.,Positive
I'm surprised by how good this is given the price point.,Positive
Horrible smell and the material is very irritating to the skin.,Negative
"It is okay, does the job but nothing extraordinary.",Neutral
The product exceeded my expectations. Great value for money.,Positive
Very impressed with the build quality. Will definitely buy again.,Positive
Excellent customer service and fast shipping. Highly recommend!,Positive
Customer service was rude and didn't help with my return.,Negative
"I am very happy with this purchase, the quality is top-notch.",Positive
I'm surprised by how good this is given the price point.,Positive
"The color is a bit different from the picture, but it's acceptable.",Neutral
I'm surprised by how good this is given the price point.,Positive
"The color is a bit different from the picture, but it's acceptable.",Neutral
Very impressed with the build quality. Will definitely buy again.,Positive
Fast delivery and the item is exactly as described.,Positive
Fast delivery and the item is exactly as described.,Positive
The app keeps crashing and I can't even set up the device.,Negative
Terrible experience. The product arrived broken and unusable.,Negative
Standard shipping time. The product is exactly what I expected.,Neutral
Very disappointed. The quality is much lower than expected.,Negative
Amazing experience! Everything from ordering to delivery was smooth.,Positive
"The product arrived on time, but the packaging was slightly damaged.",Neutral
"Average quality. Not great, but not bad either.",Neutral
The app keeps crashing and I can't even set up the device.,Negative
"The color is a bit different from the picture, but it's acceptable.",Neutral
"Average quality. Not great, but not bad either.",Neutral
Very impressed with the build quality. Will definitely buy again.,Positive
The app keeps crashing and I can't even set up the device.,Negative
"It works fine, though the setup was a bit confusing.",Neutral
Highly functional and looks great on my desk.,Positive
The app keeps crashing and I can't even set up the device.,Negative
Standard shipping time. The product is exactly what I expected.,Neutral
"I am very happy with this purchase, the quality is top-notch.",Positive
Horrible smell and the material is very irritating to the skin.,Negative
I'm surprised by how good this is given the price point.,Positive
Customer service was rude and didn't help with my return.,Negative
"I am very happy with this purchase, the quality is top-notch.",Positive
Amazing experience! Everything from ordering to delivery was smooth.,Positive
"The color is a bit different from the picture, but it's acceptable.",Neutral
"I am very happy with this purchase, the quality is top-notch.",Positive
Beautiful design and works perfectly. Five stars!,Positive
The item looks nothing like the photos. Completely misleading.,Negative
The item looks nothing like the photos. Completely misleading.,Negative
Shipping took forever and the item was lost twice.,Negative
Stopped working after only two days. Very poor durability.,Negative
"It works fine, though the setup was a bit confusing.",Neutral
Customer service was rude and didn't help with my return.,Negative
Shipping took forever and the item was lost twice.,Negative
Shipping took forever and the item was lost twice.,Negative
Highly functional and looks great on my desk.,Positive
"I am very happy with this purchase, the quality is top-notch.",Positive
"Satisfactory performance so far, let's see how long it lasts.",Neutral
"The color is a bit different from the picture, but it's acceptable.",Neutral
Best purchase I've made this year. So convenient and easy to use.,Positive
Best purchase I've made this year. So convenient and easy to use.,Positive
"It's a functional item, though the material feels a bit cheap.",Neutral
"It is okay, does the job but nothing extraordinary.",Neutral
Customer service was rude and didn't help with my return.,Negative
The app keeps crashing and I can't even set up the device.,Negative
Shipping took forever and the item was lost twice.,Negative
Excellent customer service and fast shipping. Highly recommend!,Positive
I'm surprised by how good this is given the price point.,Positive
Beautiful design and works perfectly. Five stars!,Positive
The app keeps crashing and I can't even set up the device.,Negative
Decent product for the price. I might look for better options next time.,Neutral
Customer service was rude and didn't help with my return.,Negative
Customer service was rude and didn't help with my return.,Negative
"It's a functional item, though the material feels a bit cheap.",Neutral
"The product arrived on time, but the packaging was slightly damaged.",Neutral
An average experience overall. No major complaints.,Neutral
Amazing experience! Everything from ordering to delivery was smooth.,Positive
Fast delivery and the item is exactly as described.,Positive
"Average quality. Not great, but not bad either.",Neutral
Stopped working after only two days. Very poor durability.,Negative
Best purchase I've made this year. So convenient and easy to use.,Positive
Decent product for the price. I might look for better options next time.,Neutral
Terrible experience. The product arrived broken and unusable.,Negative
"Satisfactory performance so far, let's see how long it lasts.",Neutral
"It works fine, though the setup was a bit confusing.",Neutral
Amazing experience! Everything from ordering to delivery was smooth.,Positive
The product exceeded my expectations. Great value for money.,Positive
"The product arrived on time, but the packaging was slightly damaged.",Neutral
"Average quality. Not great, but not bad either.",Neutral
"Average quality. Not great, but not bad either.",Neutral
The product exceeded my expectations. Great value for money.,Positive
"It works fine, though the setup was a bit confusing.",Neutral
The app keeps crashing and I can't even set up the device.,Negative
An average experience overall. No major complaints.,Neutral
Very disappointed. The quality is much lower than expected.,Negative
I'm surprised by how good this is given the price point.,Positive
Customer service was rude and didn't help with my return.,Negative
Terrible experience. The product arrived broken and unusable.,Negative
Best purchase I've made this year. So convenient and easy to use.,Positive
An average experience overall. No major complaints.,Neutral
I regret buying this. It's much smaller than the description said.,Negative
Decent product for the price. I might look for better options next time.,Neutral
Beautiful design and works perfectly. Five stars!,Positive
Amazing experience! Everything from ordering to delivery was smooth.,Positive
"It is okay, does the job but nothing extraordinary.",Neutral
Very disappointed. The quality is much lower than expected.,Negative
Terrible experience. The product arrived broken and unusable.,Negative
The item looks nothing like the photos. Completely misleading.,Negative
I'm surprised by how good this is given the price point.,Positive
Beautiful design and works perfectly. Five stars!,Positive
"Average quality. Not great, but not bad either.",Neutral
"I am very happy with this purchase, the quality is top-notch.",Positive
Shipping took forever and the item was lost twice.,Negative
Amazing experience! Everything from ordering to delivery was smooth.,Positive
Very disappointed. The quality is much lower than expected.,Negative
I regret buying this. It's much smaller than the description said.,Negative
Shipping took forever and the item was lost twice.,Negative
Excellent customer service and fast shipping. Highly recommend!,Positive
Waste of money. I would not recommend this to anyone.,Negative
"It works fine, though the setup was a bit confusing.",Neutral
The product exceeded my expectations. Great value for money.,Positive
Terrible experience. The product arrived broken and unusable.,Negative
The product exceeded my expectations. Great value for money.,Positive
Very disappointed. The quality is much lower than expected.,Negative
The app keeps crashing and I can't even set up the device.,Negative
"I am very happy with this purchase, the quality is top-notch.",Positive
Horrible smell and the material is very irritating to the skin.,Negative
Waste of money. I would not recommend this to anyone.,Negative
"The product arrived on time, but the packaging was slightly damaged.",Neutral
"The color is a bit different from the picture, but it's acceptable.",Neutral
Customer service was rude and didn't help with my return.,Negative
Very disappointed. The quality is much lower than expected.,Negative
Terrible experience. The product arrived broken and unusable.,Negative
Waste of money. I would not recommend this to anyone.,Negative
Amazing experience! Everything from ordering to delivery was smooth.,Positive
Amazing experience! Everything from ordering to delivery was smooth.,Positive
I regret buying this. It's much smaller than the description said.,Negative
Excellent customer service and fast shipping. Highly recommend!,Positive
The product exceeded my expectations. Great value for money.,Positive
Customer service was rude and didn't help with my return.,Negative
"It works fine, though the setup was a bit confusing.",Neutral
"It's a functional item, though the material feels a bit cheap.",Neutral
"It is okay, does the job but nothing extraordinary.",Neutral
"It's a functional item, though the material feels a bit cheap.",Neutral
The product exceeded my expectations. Great value for money.,Positive
"It is okay, does the job but nothing extraordinary.",Neutral
Very disappointed. The quality is much lower than expected.,Negative
"Satisfactory performance so far, let's see how long it lasts.",Neutral
Stopped working after only two days. Very poor durability.,Negative
Shipping took forever and the item was lost twice.,Negative
An average experience overall. No major complaints.,Neutral
Waste of money. I would not recommend this to anyone.,Negative
Shipping took forever and the item was lost twice.,Negative
Terrible experience. The product arrived broken and unusable.,Negative
Decent product for the price. I might look for better options next time.,Neutral
Beautiful design and works perfectly. Five stars!,Positive
Beautiful design and works perfectly. Five stars!,Positive
The app keeps crashing and I can't even set up the device.,Negative
Shipping took forever and the item was lost twice.,Negative
"It is okay, does the job but nothing extraordinary.",Neutral
Best purchase I've made this year. So convenient and easy to use.,Positive
Standard shipping time. The product is exactly what I expected.,Neutral
Beautiful design and works perfectly. Five stars!,Positive
Horrible smell and the material is very irritating to the skin.,Negative
"The product arrived on time, but the packaging was slightly damaged.",Neutral
"I am very happy with this purchase, the quality is top-notch.",Positive
"Average quality. Not great, but not bad either.",Neutral
I'm surprised by how good this is given the price point.,Positive
The app keeps crashing and I can't even set up the device.,Negative
"It is okay, does the job but nothing extraordinary.",Neutral
Beautiful design and works perfectly. Five stars!,Positive
Stopped working after only two days. Very poor durability.,Negative
"Average quality. Not great, but not bad either.",Neutral
"The color is a bit different from the picture, but it's acceptable.",Neutral
Horrible smell and the material is very irritating to the skin.,Negative
Fast delivery and the item is exactly as described.,Positive
Stopped working after only two days. Very poor durability.,Negative
Excellent customer service and fast shipping. Highly recommend!,Positive
Decent product for the price. I might look for better options next time.,Neutral
Stopped working after only two days. Very poor durability.,Negative
Terrible experience. The product arrived broken and unusable.,Negative
Highly functional and looks great on my desk.,Positive
Best purchase I've made this year. So convenient and easy to use.,Positive
Shipping took forever and the item was lost twice.,Negative
Excellent customer service and fast shipping. Highly recommend!,Positive
The item looks nothing like the photos. Completely misleading.,Negative
Best purchase I've made this year. So convenient and easy to use.,Positive
"I am very happy with this purchase, the quality is top-notch.",Positive
Amazing experience! Everything from ordering to delivery was smooth.,Positive
"It works fine, though the setup was a bit confusing.",Neutral
Highly functional and looks great on my desk.,Positive
Excellent customer service and fast shipping. Highly recommend!,Positive
Customer service was rude and didn't help with my return.,Negative
Customer service was rude and didn't help with my return.,Negative
Shipping took forever and the item was lost twice.,Negative
"The color is a bit different from the picture, but it's acceptable.",Neutral
I regret buying this. It's much smaller than the description said.,Negative
Standard shipping time. The product is exactly what I expected.,Neutral
Stopped working after only two days. Very poor durability.,Negative
Very disappointed. The quality is much lower than expected.,Negative
Stopped working after only two days. Very poor durability.,Negative
Standard shipping time. The product is exactly what I expected.,Neutral
"Satisfactory performance so far, let's see how long it lasts.",Neutral
Waste of money. I would not recommend this to anyone.,Negative
The product exceeded my expectations. Great value for money.,Positive
The app keeps crashing and I can't even set up the device.,Negative
Stopped working after only two days. Very poor durability.,Negative
"The color is a bit different from the picture, but it's acceptable.",Neutral
I'm surprised by how good this is given the price point.,Positive
"Satisfactory performance so far, let's see how long it lasts.",Neutral
Excellent customer service and fast shipping. Highly recommend!,Positive
Terrible experience. The product arrived broken and unusable.,Negative
Beautiful design and works perfectly. Five stars!,Positive
Beautiful design and works perfectly. Five stars!,Positive
Very disappointed. The quality is much lower than expected.,Negative
"The product arrived on time, but the packaging was slightly damaged.",Neutral
"It is okay, does the job but nothing extraordinary.",Neutral
"It works fine, though the setup was a bit confusing.",Neutral
The product exceeded my expectations. Great value for money.,Positive
Highly functional and looks great on my desk.,Positive
"It is okay, does the job but nothing extraordinary.",Neutral
Decent product for the price. I might look for better options next time.,Neutral
An average experience overall. No major complaints.,Neutral
Fast delivery and the item is exactly as described.,Positive
Best purchase I've made this year. So convenient and easy to use.,Positive
"Average quality. Not great, but not bad either.",Neutral
Shipping took forever and the item was lost twice.,Negative
Fast delivery and the item is exactly as described.,Positive
Very disappointed. The quality is much lower than expected.,Negative
The app keeps crashing and I can't even set up the device.,Negative
The item looks nothing like the photos. Completely misleading.,Negative
"It's a functional item, though the material feels a bit cheap.",Neutral
Excellent customer service and fast shipping. Highly recommend!,Positive
"The product arrived on time, but the packaging was slightly damaged.",Neutral
"Satisfactory performance so far, let's see how long it lasts.",Neutral
Decent product for the price. I might look for better options next time.,Neutral
Beautiful design and works perfectly. Five stars!,Positive
Beautiful design and works perfectly. Five stars!,Positive
"It is okay, does the job but nothing extraordinary.",Neutral
Waste of money. I would not recommend this to anyone.,Negative
"The color is a bit different from the picture, but it's acceptable.",Neutral
Very impressed with the build quality. Will definitely buy again.,Positive
"I am very happy with this purchase, the quality is top-notch.",Positive
"It is okay, does the job but nothing extraordinary.",Neutral
"Satisfactory performance so far, let's see how long it lasts.",Neutral
I regret buying this. It's much smaller than the description said.,Negative
"Average quality. Not great, but not bad either.",Neutral
Fast delivery and the item is exactly as described.,Positive
The product exceeded my expectations. Great value for money.,Positive
The app keeps crashing and I can't even set up the device.,Negative
The item looks nothing like the photos. Completely misleading.,Negative
Very impressed with the build quality. Will definitely buy again.,Positive
"The product arrived on time, but the packaging was slightly damaged.",Neutral
"Average quality. Not great, but not bad either.",Neutral
Horrible smell and the material is very irritating to the skin.,Negative
Best purchase I've made this year. So convenient and easy to use.,Positive
I regret buying this. It's much smaller than the description said.,Negative
The item looks nothing like the photos. Completely misleading.,Negative
Shipping took forever and the item was lost twice.,Negative
"Average quality. Not great, but not bad either.",Neutral
Waste of money. I would not recommend this to anyone.,Negative
"It's a functional item, though the material feels a bit cheap.",Neutral
"The color is a bit different from the picture, but it's acceptable.",Neutral
"The product arrived on time, but the packaging was slightly damaged.",Neutral
I regret buying this. It's much smaller than the description said.,Negative
An average experience overall. No major complaints.,Neutral
Very disappointed. The quality is much lower than expected.,Negative
Very impressed with the build quality. Will definitely buy again.,Positive
An average experience overall. No major complaints.,Neutral
Waste of money. I would not recommend this to anyone.,Negative
The item looks nothing like the photos. Completely misleading.,Negative
An average experience overall. No major complaints.,Neutral
Very impressed with the build quality. Will definitely buy again.,Positive
The item looks nothing like the photos. Completely misleading.,Negative
Stopped working after only two days. Very poor durability.,Negative
Horrible smell and the material is very irritating to the skin.,Negative
I regret buying this. It's much smaller than the description said.,Negative
"The color is a bit different from the picture, but it's acceptable.",Neutral
"The product arrived on time, but the packaging was slightly damaged.",Neutral
The app keeps crashing and I can't even set up the device.,Negative
I regret buying this. It's much smaller than the description said.,Negative
Standard shipping time. The product is exactly what I expected.,Neutral
Stopped working after only two days. Very poor durability.,Negative
Amazing experience! Everything from ordering to delivery was smooth.,Positive
Highly functional and looks great on my desk.,Positive
Very impressed with the build quality. Will definitely buy again.,Positive
Waste of money. I would not recommend this to anyone.,Negative
"Satisfactory performance so far, let's see how long it lasts.",Neutral
"The color is a bit different from the picture, but it's acceptable.",Neutral
"Average quality. Not great, but not bad either.",Neutral
I regret buying this. It's much smaller than the description said.,Negative
"The product arrived on time, but the packaging was slightly damaged.",Neutral
The product exceeded my expectations. Great value for money.,Positive
Standard shipping time. The product is exactly what I expected.,Neutral
Waste of money. I would not recommend this to anyone.,Negative
An average experience overall. No major complaints.,Neutral
Waste of money. I would not recommend this to anyone.,Negative
Customer service was rude and didn't help with my return.,Negative
The app keeps crashing and I can't even set up the device.,Negative
Stopped working after only two days. Very poor durability.,Negative
"The color is a bit different from the picture, but it's acceptable.",Neutral
Best purchase I've made this year. So convenient and easy to use.,Positive
Amazing experience! Everything from ordering to delivery was smooth.,Positive
Highly functional and looks great on my desk.,Positive
Standard shipping time. The product is exactly what I expected.,Neutral
Shipping took forever and the item was lost twice.,Negative
Highly functional and looks great on my desk.,Positive
Amazing experience! Everything from ordering to delivery was smooth.,Positive
Decent product for the price. I might look for better options next time.,Neutral
I'm surprised by how good this is given the price point.,Positive
Fast delivery and the item is exactly as described.,Positive
Waste of money. I would not recommend this to anyone.,Negative
The product exceeded my expectations. Great value for money.,Positive
I regret buying this. It's much smaller than the description said.,Negative
"I am very happy with this purchase, the quality is top-notch.",Positive
Fast delivery and the item is exactly as described.,Positive
Very disappointed. The quality is much lower than expected.,Negative
"The color is a bit different from the picture, but it's acceptable.",Neutral
Amazing experience! Everything from ordering to delivery was smooth.,Positive
"It's a functional item, though the material feels a bit cheap.",Neutral
Fast delivery and the item is exactly as described.,Positive
The app keeps crashing and I can't even set up the device.,Negative
I regret buying this. It's much smaller than the description said.,Negative
"The product arrived on time, but the packaging was slightly damaged.",Neutral
Waste of money. I would not recommend this to anyone.,Negative
Shipping took forever and the item was lost twice.,Negative
Very disappointed. The quality is much lower than expected.,Negative
Horrible smell and the material is very irritating to the skin.,Negative
Decent product for the price. I might look for better options next time.,Neutral
Very impressed with the build quality. Will definitely buy again.,Positive
Amazing experience! Everything from ordering to delivery was smooth.,Positive
Very impressed with the build quality. Will definitely buy again.,Positive
"The color is a bit different from the picture, but it's acceptable.",Neutral
"Average quality. Not great, but not bad either.",Neutral
Beautiful design and works perfectly. Five stars!,Positive
"I am very happy with this purchase, the quality is top-notch.",Positive
"Satisfactory performance so far, let's see how long it lasts.",Neutral
"It works fine, though the setup was a bit confusing.",Neutral
"Satisfactory performance so far, let's see how long it lasts.",Neutral
"I am very happy with this purchase, the quality is top-notch.",Positive
I'm surprised by how good this is given the price point.,Positive
The item looks nothing like the photos. Completely misleading.,Negative
Decent product for the price. I might look for better options next time.,Neutral
Terrible experience. The product arrived broken and unusable.,Negative
Very disappointed. The quality is much lower than expected.,Negative
Highly functional and looks great on my desk.,Positive
Terrible experience. The product arrived broken and unusable.,Negative
"The product arrived on time, but the packaging was slightly damaged.",Neutral
Best purchase I've made this year. So convenient and easy to use.,Positive
Amazing experience! Everything from ordering to delivery was smooth.,Positive
"Satisfactory performance so far, let's see how long it lasts.",Neutral
Stopped working after only two days. Very poor durability.,Negative
Excellent customer service and fast shipping. Highly recommend!,Positive
Decent product for the price. I might look for better options next time.,Neutral
Standard shipping time. The product is exactly what I expected.,Neutral
Highly functional and looks great on my desk.,Positive
The app keeps crashing and I can't even set up the device.,Negative
Standard shipping time. The product is exactly what I expected.,Neutral
"The color is a bit different from the picture, but it's acceptable.",Neutral
"It's a functional item, though the material feels a bit cheap.",Neutral
Amazing experience! Everything from ordering to delivery was smooth.,Positive
Terrible experience. The product arrived broken and unusable.,Negative
"The product arrived on time, but the packaging was slightly damaged.",Neutral
I'm surprised by how good this is given the price point.,Positive
Very impressed with the build quality. Will definitely buy again.,Positive
Horrible smell and the material is very irritating to the skin.,Negative
Decent product for the price. I might look for better options next time.,Neutral
"I am very happy with this purchase, the quality is top-notch.",Positive
"It works fine, though the setup was a bit confusing.",Neutral
"Satisfactory performance so far, let's see how long it lasts.",Neutral
"Average quality. Not great, but not bad either.",Neutral
Shipping took forever and the item was lost twice.,Negative
"Average quality. Not great, but not bad either.",Neutral
Excellent customer service and fast shipping. Highly recommend!,Positive
"It's a functional item, though the material feels a bit cheap.",Neutral
"I am very happy with this purchase, the quality is top-notch.",Positive
Beautiful design and works perfectly. Five stars!,Positive
An average experience overall. No major complaints.,Neutral
I regret buying this. It's much smaller than the description said.,Negative
The app keeps crashing and I can't even set up the device.,Negative
Fast delivery and the item is exactly as described.,Positive
The app keeps crashing and I can't even set up the device.,Negative
Terrible experience. The product arrived broken and unusable.,Negative
Waste of money. I would not recommend this to anyone.,Negative
The app keeps crashing and I can't even set up the device.,Negative
Fast delivery and the item is exactly as described.,Positive
"Average quality. Not great, but not bad either.",Neutral
The app keeps crashing and I can't even set up the device.,Negative
"It is okay, does the job but nothing extraordinary.",Neutral
Shipping took forever and the item was lost twice.,Negative
Very disappointed. The quality is much lower than expected.,Negative
"It is okay, does the job but nothing extraordinary.",Neutral
Horrible smell and the material is very irritating to the skin.,Negative
Shipping took forever and the item was lost twice.,Negative
"It works fine, though the setup was a bit confusing.",Neutral
"It is okay, does the job but nothing extraordinary.",Neutral
"I am very happy with this purchase, the quality is top-notch.",Positive
Very disappointed. The quality is much lower than expected.,Negative
Terrible experience. The product arrived broken and unusable.,Negative
Stopped working after only two days. Very poor durability.,Negative
Decent product for the price. I might look for better options next time.,Neutral
Terrible experience. The product arrived broken and unusable.,Negative
"Average quality. Not great, but not bad either.",Neutral
Very disappointed. The quality is much lower than expected.,Negative
Best purchase I've made this year. So convenient and easy to use.,Positive
"It works fine, though the setup was a bit confusing.",Neutral
Very impressed with the build quality. Will definitely buy again.,Positive
Highly functional and looks great on my desk.,Positive
Best purchase I've made this year. So convenient and easy to use.,Positive
"The product arrived on time, but the packaging was slightly damaged.",Neutral
Waste of money. I would not recommend this to anyone.,Negative
Horrible smell and the material is very irritating to the skin.,Negative
"I am very happy with this purchase, the quality is top-notch.",Positive
Standard shipping time. The product is exactly what I expected.,Neutral
Stopped working after only two days. Very poor durability.,Negative
Waste of money. I would not recommend this to anyone.,Negative
Customer service was rude and didn't help with my return.,Negative
Very disappointed. The quality is much lower than expected.,Negative
Decent product for the price. I might look for better options next time.,Neutral
Amazing experience! Everything from ordering to delivery was smooth.,Positive
Stopped working after only two days. Very poor durability.,Negative
I regret buying this. It's much smaller than the description said.,Negative
Excellent customer service and fast shipping. Highly recommend!,Positive
"It works fine, though the setup was a bit confusing.",Neutral
"The color is a bit different from the picture, but it's acceptable.",Neutral
"It works fine, though the setup was a bit confusing.",Neutral
The app keeps crashing and I can't even set up the device.,Negative
Excellent customer service and fast shipping. Highly recommend!,Positive
Excellent customer service and fast shipping. Highly recommend!,Positive
Waste of money. I would not recommend this to anyone.,Negative
"It's a functional item, though the material feels a bit cheap.",Neutral
Waste of money. I would not recommend this to anyone.,Negative
The product exceeded my expectations. Great value for money.,Positive
Best purchase I've made this year. So convenient and easy to use.,Positive
Beautiful design and works perfectly. Five stars!,Positive
Stopped working after only two days. Very poor durability.,Negative
"Average quality. Not great, but not bad either.",Neutral
The product exceeded my expectations. Great value for money.,Positive
Waste of money. I would not recommend this to anyone.,Negative
Decent product for the price. I might look for better options next time.,Neutral
"Satisfactory performance so far, let's see how long it lasts.",Neutral
Shipping took forever and the item was lost twice.,Negative
"I am very happy with this purchase, the quality is top-notch.",Positive
Very disappointed. The quality is much lower than expected.,Negative
Very impressed with the build quality. Will definitely buy again.,Positive
An average experience overall. No major complaints.,Neutral
"The color is a bit different from the picture, but it's acceptable.",Neutral
The item looks nothing like the photos. Completely misleading.,Negative
Decent product for the price. I might look for better options next time.,Neutral
I'm surprised by how good this is given the price point.,Positive
Highly functional and looks great on my desk.,Positive
"I am very happy with this purchase, the quality is top-notch.",Positive
An average experience overall. No major complaints.,Neutral
Best purchase I've made this year. So convenient and easy to use.,Positive
Horrible smell and the material is very irritating to the skin.,Negative
Best purchase I've made this year. So convenient and easy to use.,Positive
"I am very happy with this purchase, the quality is top-notch.",Positive
Waste of money. I would not recommend this to anyone.,Negative
"It is okay, does the job but nothing extraordinary.",Neutral
The product exceeded my expectations. Great value for money.,Positive
Fast delivery and the item is exactly as described.,Positive
Highly functional and looks great on my desk.,Positive
Shipping took forever and the item was lost twice.,Negative
Stopped working after only two days. Very poor durability.,Negative
"Satisfactory performance so far, let's see how long it lasts.",Neutral
Horrible smell and the material is very irritating to the skin.,Negative
I'm surprised by how good this is given the price point.,Positive
Amazing experience! Everything from ordering to delivery was smooth.,Positive
"The product arrived on time, but the packaging was slightly damaged.",Neutral
Fast delivery and the item is exactly as described.,Positive
"The product arrived on time, but the packaging was slightly damaged.",Neutral
Very disappointed. The quality is much lower than expected.,Negative
"Satisfactory performance so far, let's see how long it lasts.",Neutral
I regret buying this. It's much smaller than the description said.,Negative
Standard shipping time. The product is exactly what I expected.,Neutral
Shipping took forever and the item was lost twice.,Negative
Terrible experience. The product arrived broken and unusable.,Negative
The app keeps crashing and I can't even set up the device.,Negative
"It is okay, does the job but nothing extraordinary.",Neutral
The item looks nothing like the photos. Completely misleading.,Negative
The item looks nothing like the photos. Completely misleading.,Negative
Very disappointed. The quality is much lower than expected.,Negative
Standard shipping time. The product is exactly what I expected.,Neutral
"It's a functional item, though the material feels a bit cheap.",Neutral
"It's a functional item, though the material feels a bit cheap.",Neutral
"Satisfactory performance so far, let's see how long it lasts.",Neutral
"Satisfactory performance so far, let's see how long it lasts.",Neutral
"It is okay, does the job but nothing extraordinary.",Neutral
The item looks nothing like the photos. Completely misleading.,Negative
I regret buying this. It's much smaller than the description said.,Negative
"It is okay, does the job but nothing extraordinary.",Neutral
Horrible smell and the material is very irritating to the skin.,Negative
"I am very happy with this purchase, the quality is top-notch.",Positive
Shipping took forever and the item was lost twice.,Negative
Amazing experience! Everything from ordering to delivery was smooth.,Positive
Best purchase I've made this year. So convenient and easy to use.,Positive
Terrible experience. The product arrived broken and unusable.,Negative
I regret buying this. It's much smaller than the description said.,Negative
The app keeps crashing and I can't even set up the device.,Negative
The app keeps crashing and I can't even set up the device.,Negative
The app keeps crashing and I can't even set up the device.,Negative
"It is okay, does the job but nothing extraordinary.",Neutral
"It's a functional item, though the material feels a bit cheap.",Neutral
Amazing experience! Everything from ordering to delivery was smooth.,Positive
"It is okay, does the job but nothing extraordinary.",Neutral
Very impressed with the build quality. Will definitely buy again.,Positive
Beautiful design and works perfectly. Five stars!,Positive
Amazing experience! Everything from ordering to delivery was smooth.,Positive
Very disappointed. The quality is much lower than expected.,Negative
Very disappointed. The quality is much lower than expected.,Negative
I'm surprised by how good this is given the price point.,Positive
"The color is a bit different from the picture, but it's acceptable.",Neutral
The app keeps crashing and I can't even set up the device.,Negative
"I am very happy with this purchase, the quality is top-notch.",Positive
Highly functional and looks great on my desk.,Positive
Beautiful design and works perfectly. Five stars!,Positive
"I am very happy with this purchase, the quality is top-notch.",Positive
"It is okay, does the job but nothing extraordinary.",Neutral
Standard shipping time. The product is exactly what I expected.,Neutral
Fast delivery and the item is exactly as described.,Positive
"The product arrived on time, but the packaging was slightly damaged.",Neutral
An average experience overall. No major complaints.,Neutral
Highly functional and looks great on my desk.,Positive
Highly functional and looks great on my desk.,Positive
"Average quality. Not great, but not bad either.",Neutral
"The color is a bit different from the picture, but it's acceptable.",Neutral
Beautiful design and works perfectly. Five stars!,Positive
Excellent customer service and fast shipping. Highly recommend!,Positive
"It's a functional item, though the material feels a bit cheap.",Neutral
Customer service was rude and didn't help with my return.,Negative
Stopped working after only two days. Very poor durability.,Negative
Fast delivery and the item is exactly as described.,Positive
Very impressed with the build quality. Will definitely buy again.,Positive
Very disappointed. The quality is much lower than expected.,Negative
"It is okay, does the job but nothing extraordinary.",Neutral
Amazing experience! Everything from ordering to delivery was smooth.,Positive
Very disappointed. The quality is much lower than expected.,Negative
I regret buying this. It's much smaller than the description said.,Negative
I'm surprised by how good this is given the price point.,Positive
I regret buying this. It's much smaller than the description said.,Negative
An average experience overall. No major complaints.,Neutral
I regret buying this. It's much smaller than the description said.,Negative
The app keeps crashing and I can't even set up the device.,Negative
Customer service was rude and didn't help with my return.,Negative
The item looks nothing like the photos. Completely misleading.,Negative
Very disappointed. The quality is much lower than expected.,Negative
Highly functional and looks great on my desk.,Positive
Excellent customer service and fast shipping. Highly recommend!,Positive
"It works fine, though the setup was a bit confusing.",Neutral
"Satisfactory performance so far, let's see how long it lasts.",Neutral
"The product arrived on time, but the packaging was slightly damaged.",Neutral
Highly functional and looks great on my desk.,Positive
Horrible smell and the material is very irritating to the skin.,Negative
"I am very happy with this purchase, the quality is top-notch.",Positive
Very impressed with the build quality. Will definitely buy again.,Positive
Decent product for the price. I might look for better options next time.,Neutral
"The color is a bit different from the picture, but it's acceptable.",Neutral
"The product arrived on time, but the packaging was slightly damaged.",Neutral
I regret buying this. It's much smaller than the description said.,Negative
"It works fine, though the setup was a bit confusing.",Neutral
"Average quality. Not great, but not bad either.",Neutral
Horrible smell and the material is very irritating to the skin.,Negative
Best purchase I've made this year. So convenient and easy to use.,Positive
"It is okay, does the job but nothing extraordinary.",Neutral
Horrible smell and the material is very irritating to the skin.,Negative
The product exceeded my expectations. Great value for money.,Positive
The product exceeded my expectations. Great value for money.,Positive
The item looks nothing like the photos. Completely misleading.,Negative
Standard shipping time. The product is exactly what I expected.,Neutral
Standard shipping time. The product is exactly what I expected.,Neutral
"It's a functional item, though the material feels a bit cheap.",Neutral
Terrible experience. The product arrived broken and unusable.,Negative
Stopped working after only two days. Very poor durability.,Negative
"The product arrived on time, but the packaging was slightly damaged.",Neutral
"The product arrived on time, but the packaging was slightly damaged.",Neutral
Fast delivery and the item is exactly as described.,Positive
Waste of money. I would not recommend this to anyone.,Negative
The product exceeded my expectations. Great value for money.,Positive
"It is okay, does the job but nothing extraordinary.",Neutral
Shipping took forever and the item was lost twice.,Negative
Beautiful design and works perfectly. Five stars!,Positive
"I am very happy with this purchase, the quality is top-notch.",Positive
Best purchase I've made this year. So convenient and easy to use.,Positive
I'm surprised by how good this is given the price point.,Positive
Shipping took forever and the item was lost twice.,Negative
Terrible experience. The product arrived broken and unusable.,Negative
Decent product for the price. I might look for better options next time.,Neutral
Beautiful design and works perfectly. Five stars!,Positive
Shipping took forever and the item was lost twice.,Negative
An average experience overall. No major complaints.,Neutral
Highly functional and looks great on my desk.,Positive
I'm surprised by how good this is given the price point.,Positive
"It is okay, does the job but nothing extraordinary.",Neutral
Fast delivery and the item is exactly as described.,Positive
The product exceeded my expectations. Great value for money.,Positive
Very impressed with the build quality. Will definitely buy again.,Positive
"The color is a bit different from the picture, but it's acceptable.",Neutral
Fast delivery and the item is exactly as described.,Positive
The item looks nothing like the photos. Completely misleading.,Negative
Decent product for the price. I might look for better options next time.,Neutral
The product exceeded my expectations. Great value for money.,Positive
Best purchase I've made this year. So convenient and easy to use.,Positive
"Satisfactory performance so far, let's see how long it lasts.",Neutral
Best purchase I've made this year. So convenient and easy to use.,Positive
An average experience overall. No major complaints.,Neutral
"It is okay, does the job but nothing extraordinary.",Neutral
Very disappointed. The quality is much lower than expected.,Negative
Beautiful design and works perfectly. Five stars!,Positive
Best purchase I've made this year. So convenient and easy to use.,Positive
"I am very happy with this purchase, the quality is top-notch.",Positive
"The color is a bit different from the picture, but it's acceptable.",Neutral
"I am very happy with this purchase, the quality is top-notch.",Positive
Stopped working after only two days. Very poor durability.,Negative
Excellent customer service and fast shipping. Highly recommend!,Positive
Amazing experience! Everything from ordering to delivery was smooth.,Positive
Highly functional and looks great on my desk.,Positive
The item looks nothing like the photos. Completely misleading.,Negative
Fast delivery and the item is exactly as described.,Positive
An average experience overall. No major complaints.,Neutral
Very disappointed. The quality is much lower than expected.,Negative
Horrible smell and the material is very irritating to the skin.,Negative
Terrible experience. The product arrived broken and unusable.,Negative
Very impressed with the build quality. Will definitely buy again.,Positive
"Satisfactory performance so far, let's see how long it lasts.",Neutral
Terrible experience. The product arrived broken and unusable.,Negative
"Average quality. Not great, but not bad either.",Neutral
Waste of money. I would not recommend this to anyone.,Negative
Excellent customer service and fast shipping. Highly recommend!,Positive
The product exceeded my expectations. Great value for money.,Positive
The item looks nothing like the photos. Completely misleading.,Negative
Fast delivery and the item is exactly as described.,Positive
Stopped working after only two days. Very poor durability.,Negative
Stopped working after only two days. Very poor durability.,Negative
An average experience overall. No major complaints.,Neutral
Very disappointed. The quality is much lower than expected.,Negative
"It works fine, though the setup was a bit confusing.",Neutral
"It works fine, though the setup was a bit confusing.",Neutral
Amazing experience! Everything from ordering to delivery was smooth.,Positive
Terrible experience. The product arrived broken and unusable.,Negative
The app keeps crashing and I can't even set up the device.,Negative
Best purchase I've made this year. So convenient and easy to use.,Positive
"It's a functional item, though the material feels a bit cheap.",Neutral
"Average quality. Not great, but not bad either.",Neutral
Best purchase I've made this year. So convenient and easy to use.,Positive
The product exceeded my expectations. Great value for money.,Positive
"Satisfactory performance so far, let's see how long it lasts.",Neutral
I'm surprised by how good this is given the price point.,Positive
"It's a functional item, though the material feels a bit cheap.",Neutral
"It's a functional item, though the material feels a bit cheap.",Neutral
"I am very happy with this purchase, the quality is top-notch.",Positive
Waste of money. I would not recommend this to anyone.,Negative
The app keeps crashing and I can't even set up the device.,Negative
I regret buying this. It's much smaller than the description said.,Negative
"Satisfactory performance so far, let's see how long it lasts.",Neutral
"The color is a bit different from the picture, but it's acceptable.",Neutral
"I am very happy with this purchase, the quality is top-notch.",Positive
"Satisfactory performance so far, let's see how long it lasts.",Neutral
"Satisfactory performance so far, let's see how long it lasts.",Neutral
Excellent customer service and fast shipping. Highly recommend!,Positive
The product exceeded my expectations. Great value for money.,Positive
I regret buying this. It's much smaller than the description said.,Negative
Fast delivery and the item is exactly as described.,Positive
"It is okay, does the job but nothing extraordinary.",Neutral
Customer service was rude and didn't help with my return.,Negative
I regret buying this. It's much smaller than the description said.,Negative
The product exceeded my expectations. Great value for money.,Positive
Horrible smell and the material is very irritating to the skin.,Negative
"It works fine, though the setup was a bit confusing.",Neutral
Horrible smell and the material is very irritating to the skin.,Negative
Excellent customer service and fast shipping. Highly recommend!,Positive
Horrible smell and the material is very irritating to the skin.,Negative
An average experience overall. No major complaints.,Neutral
Terrible experience. The product arrived broken and unusable.,Negative
"I am very happy with this purchase, the quality is top-notch.",Positive
Shipping took forever and the item was lost twice.,Negative
"It works fine, though the setup was a bit confusing.",Neutral
Shipping took forever and the item was lost twice.,Negative
"It is okay, does the job but nothing extraordinary.",Neutral
Decent product for the price. I might look for better options next time.,Neutral
"It works fine, though the setup was a bit confusing.",Neutral
An average experience overall. No major complaints.,Neutral
Terrible experience. The product arrived broken and unusable.,Negative
Very impressed with the build quality. Will definitely buy again.,Positive
The item looks nothing like the photos. Completely misleading.,Negative
An average experience overall. No major complaints.,Neutral
The item looks nothing like the photos. Completely misleading.,Negative
Best purchase I've made this year. So convenient and easy to use.,Positive
"It is okay, does the job but nothing extraordinary.",Neutral
The product exceeded my expectations. Great value for money.,Positive
I'm surprised by how good this is given the price point.,Positive
An average experience overall. No major complaints.,Neutral
"I am very happy with this purchase, the quality is top-notch.",Positive
Decent product for the price. I might look for better options next time.,Neutral
Beautiful design and works perfectly. Five stars!,Positive
Terrible experience. The product arrived broken and unusable.,Negative
"It is okay, does the job but nothing extraordinary.",Neutral
The product exceeded my expectations. Great value for money.,Positive
"I am very happy with this purchase, the quality is top-notch.",Positive
"It works fine, though the setup was a bit confusing.",Neutral
I'm surprised by how good this is given the price point.,Positive
Very impressed with the build quality. Will definitely buy again.,Positive
The product exceeded my expectations. Great value for money.,Positive
Standard shipping time. The product is exactly what I expected.,Neutral
"Average quality. Not great, but not bad either.",Neutral
"It works fine, though the setup was a bit confusing.",Neutral
Fast delivery and the item is exactly as described.,Positive
The item looks nothing like the photos. Completely misleading.,Negative
Beautiful design and works perfectly. Five stars!,Positive
The app keeps crashing and I can't even set up the device.,Negative
I regret buying this. It's much smaller than the description said.,Negative
Amazing experience! Everything from ordering to delivery was smooth.,Positive
"The product arrived on time, but the packaging was slightly damaged.",Neutral
"The color is a bit different from the picture, but it's acceptable.",Neutral
Standard shipping time. The product is exactly what I expected.,Neutral
Very impressed with the build quality. Will definitely buy again.,Positive
Best purchase I've made this year. So convenient and easy to use.,Positive
An average experience overall. No major complaints.,Neutral
I'm surprised by how good this is given the price point.,Positive
Customer service was rude and didn't help with my return.,Negative
Stopped working after only two days. Very poor durability.,Negative
Amazing experience! Everything from ordering to delivery was smooth.,Positive
An average experience overall. No major complaints.,Neutral
I regret buying this. It's much smaller than the description said.,Negative
Amazing experience! Everything from ordering to delivery was smooth.,Positive
Standard shipping time. The product is exactly what I expected.,Neutral
Shipping took forever and the item was lost twice.,Negative
"I am very happy with this purchase, the quality is top-notch.",Positive
The item looks nothing like the photos. Completely misleading.,Negative
"It works fine, though the setup was a bit confusing.",Neutral
An average experience overall. No major complaints.,Neutral
The item looks nothing like the photos. Completely misleading.,Negative
"I am very happy with this purchase, the quality is top-notch.",Positive
Highly functional and looks great on my desk.,Positive
I regret buying this. It's much smaller than the description said.,Negative
Standard shipping time. The product is exactly what I expected.,Neutral
Terrible experience. The product arrived broken and unusable.,Negative
An average experience overall. No major complaints.,Neutral
Shipping took forever and the item was lost twice.,Negative
"It works fine, though the setup was a bit confusing.",Neutral
"It works fine, though the setup was a bit confusing.",Neutral
Excellent customer service and fast shipping. Highly recommend!,Positive
Decent product for the price. I might look for better options next time.,Neutral
"It works fine, though the setup was a bit confusing.",Neutral
Stopped working after only two days. Very poor durability.,Negative
Beautiful design and works perfectly. Five stars!,Positive
"Average quality. Not great, but not bad either.",Neutral
"The color is a bit different from the picture, but it's acceptable.",Neutral
I'm surprised by how good this is given the price point.,Positive
